{
    "type": "mech",
    "name": "Vanguard Fighter",
    "description": "The next generation of ship technology, it's capable of taking on large amounts of enemys at once",
    "speed": 0.5,
    "flying":true,
    "drillPower": 4,
    "mineSpeed": 3,
    "drag": 0.09,
    "hitsize": 10,
    "health": 500,
    "itemCapacity": 100,
    "buildPower": 2,
    "engineSize":2.3,
    "engineColor": "#ffff00",
    "weaponOffsetY": -1,
    "weaponOffsetx": -1,
    "weapon":{
        "name": "vanguard-blaster",
        "length":1.0,
        "reload":30.0,
        "shots":4,
        "recoil":3,
        "spacing": 0,
        "inaccuracy": 4,
        "alternate": true,
        "ejectEffect": "shellEjectMedium",
        "bullet": "missileSwarm",
        "shootSound": "shootBig"
    }
}
